section,row,pui,order_id,payment_id,amount,error,reason
proof_updated,12,7031,62,21,,,
proof_updated,13,6637,137,22,,,
proof_updated,14,6760,115,23,,,
proof_updated,16,6634,138,25,,,
proof_updated,17,7017,69,26,,,
proof_updated,18,6090,366,27,,,
proof_updated,19,6868,104,28,,,
proof_updated,21,7017,69,30,,,
proof_updated,22,7017,69,31,,,
proof_updated,23,7017,69,31,,,
proof_updated,29,7017,69,31,,,
proof_updated,30,7017,69,31,,,
proof_updated,31,7017,69,31,,,
proof_updated,32,7017,69,31,,,
proof_updated,33,6800,109,37,,,
proof_updated,34,6090,366,38,,,
proof_updated,35,6311,279,39,,,
proof_updated,36,6510,181,40,,,
proof_updated,37,6895,103,41,,,
proof_updated,38,6516,177,42,,,
proof_updated,39,6630,139,43,,,
proof_updated,40,5957,413,44,,,
proof_updated,41,6229,340,45,,,
proof_updated,43,6080,373,47,,,
proof_updated,46,6571,158,50,,,
proof_updated,47,6266,317,51,,,
proof_updated,48,6308,282,52,,,
proof_updated,49,6675,127,53,,,
proof_updated,50,6450,201,54,,,
proof_updated,51,6080,373,55,,,
proof_updated,52,6346,260,56,,,
proof_updated,53,6308,282,57,,,
proof_updated,54,6308,282,58,,,
proof_updated,55,6072,377,59,,,
proof_updated,56,6536,171,60,,,
proof_updated,60,6764,113,64,,,
proof_updated,61,6602,145,65,,,
proof_updated,62,6634,138,66,,,
proof_updated,63,6402,226,67,,,
proof_updated,64,6308,282,68,,,
proof_updated,65,6583,153,69,,,
proof_updated,78,6253,325,82,,,
proof_updated,79,6989,88,83,,,
proof_updated,81,6989,88,85,,,
proof_updated,82,6517,176,86,,,
proof_updated,83,6244,331,87,,,
proof_updated,84,6245,330,88,,,
proof_updated,86,6226,343,90,,,
proof_updated,87,6436,210,91,,,
proof_updated,89,6318,274,93,,,
proof_updated,90,6012,396,94,,,
proof_updated,92,6237,336,96,,,
proof_updated,93,6462,198,97,,,
proof_updated,94,6935,99,98,,,
proof_updated,95,6280,303,99,,,
proof_updated,96,6235,337,100,,,
proof_updated,98,6159,363,102,,,
proof_updated,99,6685,122,103,,,
proof_updated,100,6251,326,104,,,
proof_updated,103,6604,143,107,,,
proof_updated,104,6388,235,108,,,
proof_updated,105,6675,127,109,,,
proof_updated,118,6537,170,122,,,
proof_updated,119,6537,170,123,,,
proof_updated,124,6293,294,128,,,
proof_updated,126,6388,235,130,,,
proof_updated,129,6666,131,133,,,
proof_updated,134,6390,234,138,,,
proof_updated,145,6375,246,149,,,
proof_updated,146,6601,146,150,,,
proof_updated,148,6033,386,152,,,
proof_updated,149,6427,216,153,,,
proof_updated,150,6295,292,154,,,
proof_updated,151,6464,197,155,,,
proof_updated,152,6274,309,156,,,
proof_updated,153,5167,647,157,,,
proof_updated,154,6574,157,158,,,
proof_updated,156,6265,318,160,,,
proof_updated,157,6465,196,161,,,
proof_updated,159,6361,254,163,,,
proof_updated,160,6564,161,164,,,
proof_updated,168,6402,226,172,,,
proof_updated,169,6677,126,173,,,
proof_updated,170,6678,125,174,,,
proof_updated,171,6679,124,175,,,
proof_updated,172,6680,123,176,,,
proof_updated,173,6294,293,177,,,
proof_updated,174,6425,218,178,,,
proof_updated,180,6396,231,184,,,
proof_updated,182,6100,365,186,,,
proof_updated,183,5816,443,187,,,
proof_updated,184,6495,186,188,,,
proof_updated,185,6649,136,189,,,
proof_updated,186,5972,410,190,,,
proof_updated,188,6335,264,192,,,
proof_updated,191,6476,192,195,,,
proof_updated,192,6574,157,196,,,
proof_updated,193,5548,557,197,,,
proof_updated,194,6284,299,198,,,
proof_updated,196,6235,337,200,,,
proof_updated,197,6621,140,201,,,
proof_updated,198,6590,150,202,,,
proof_updated,210,5643,512,214,,,
proof_updated,211,5822,438,215,,,
proof_updated,212,6422,220,216,,,
proof_updated,213,6611,142,217,,,
proof_updated,214,6598,147,218,,,
proof_updated,215,6370,248,219,,,
proof_updated,216,6559,162,220,,,
proof_updated,219,6540,167,223,,,
proof_updated,220,6582,154,224,,,
proof_updated,221,6565,160,225,,,
proof_updated,225,6335,264,229,,,
proof_updated,234,6299,288,238,,,
proof_updated,235,6204,355,239,,,
proof_updated,258,6426,217,262,,,
proof_updated,259,6288,296,263,,,
proof_updated,260,5822,438,264,,,
proof_updated,262,6245,330,266,,,
proof_updated,263,6582,154,267,,,
proof_updated,264,5619,531,268,,,
proof_updated,265,6349,258,269,,,
proof_updated,272,6269,314,276,,,
proof_updated,273,5920,421,277,,,
proof_updated,274,6566,159,278,,,
proof_updated,275,6202,356,279,,,
proof_updated,276,5619,531,280,,,
proof_updated,277,6293,294,281,,,
proof_updated,278,6590,150,282,,,
proof_updated,284,5988,403,288,,,
proof_updated,289,5812,446,293,,,
proof_updated,290,6517,176,294,,,
proof_updated,291,6077,376,295,,,
proof_updated,292,6072,377,296,,,
proof_updated,297,6423,219,301,,,
proof_updated,298,6244,331,302,,,
proof_updated,299,6266,317,303,,,
proof_updated,309,6245,330,313,,,
proof_updated,310,6244,331,314,,,
proof_updated,312,6603,144,316,,,
proof_updated,313,6318,274,317,,,
proof_updated,318,6340,263,322,,,
proof_updated,320,6348,259,324,,,
proof_updated,325,6380,243,329,,,
proof_updated,326,6381,242,330,,,
proof_updated,327,6382,241,331,,,
proof_updated,329,6383,240,333,,,
proof_updated,332,6375,246,336,,,
proof_updated,340,6013,395,344,,,
proof_updated,341,5560,550,345,,,
proof_updated,342,6537,170,346,,,
proof_updated,343,6417,221,347,,,
proof_updated,344,6512,179,348,,,
proof_updated,345,6218,348,349,,,
proof_updated,346,6071,378,350,,,
proof_updated,347,6511,180,351,,,
proof_updated,350,5659,509,354,,,
proof_updated,352,5954,415,356,,,
proof_updated,353,6473,193,357,,,
proof_updated,354,6473,193,358,,,
proof_updated,357,6443,204,361,,,
proof_updated,359,6209,352,363,,,
proof_updated,362,6427,216,366,,,
proof_updated,365,6023,390,369,,,
proof_updated,370,6449,202,374,,,
proof_updated,372,5800,452,376,,,
proof_updated,373,6341,262,377,,,
proof_updated,374,6538,169,378,,,
proof_updated,375,6404,225,379,,,
proof_updated,376,6538,169,378,,,
proof_updated,377,6518,175,380,,,
proof_updated,382,6330,267,385,,,
proof_updated,384,6340,263,387,,,
proof_updated,385,6343,261,388,,,
proof_updated,386,6331,266,389,,,
proof_updated,389,6450,201,392,,,
proof_updated,390,6267,316,393,,,
proof_updated,391,6267,316,393,,,
proof_updated,392,6484,189,394,,,
proof_updated,395,6321,273,397,,,
proof_updated,396,6484,189,398,,,
proof_updated,397,6447,203,399,,,
proof_updated,398,5616,532,400,,,
proof_updated,399,6023,390,401,,,
proof_updated,400,5807,449,402,,,
proof_updated,401,6438,209,403,,,
proof_updated,402,6425,218,404,,,
proof_updated,405,6294,293,407,,,
proof_updated,406,6493,187,408,,,
proof_updated,407,6453,200,409,,,
proof_updated,410,5351,621,412,,,
proof_updated,415,6442,205,417,,,
proof_updated,416,6441,206,418,,,
proof_updated,417,6440,207,419,,,
proof_updated,418,6431,213,420,,,
proof_updated,419,5975,407,421,,,
proof_updated,420,5960,412,422,,,
proof_updated,421,5960,412,423,,,
proof_updated,424,6450,201,426,,,
proof_updated,425,6450,201,426,,,
proof_updated,426,6450,201,427,,,
proof_updated,428,6384,239,429,,,
proof_updated,429,6385,238,430,,,
proof_updated,430,6386,237,431,,,
proof_updated,431,6465,196,432,,,
proof_updated,444,6352,255,445,,,
proof_updated,446,6429,214,447,,,
proof_updated,448,6417,221,449,,,
proof_updated,449,6271,312,450,,,
proof_updated,450,6272,311,451,,,
proof_updated,451,6240,333,452,,,
proof_updated,452,5925,420,453,,,
proof_updated,453,6414,222,454,,,
proof_updated,454,6378,245,455,,,
proof_updated,456,6270,313,457,,,
proof_updated,459,6365,252,460,,,
proof_updated,460,6238,335,461,,,
proof_updated,461,6314,277,462,,,
proof_updated,464,6282,301,465,,,
proof_updated,465,6280,303,466,,,
proof_updated,468,6248,328,469,,,
proof_updated,469,5643,512,470,,,
proof_updated,470,5643,512,471,,,
proof_updated,471,5643,512,472,,,
proof_updated,472,5643,512,472,,,
proof_updated,473,6186,362,473,,,
proof_updated,474,6266,317,474,,,
proof_updated,477,5883,431,477,,,
proof_updated,478,5599,540,478,,,
proof_updated,479,6204,355,479,,,
proof_updated,480,6304,284,480,,,
proof_updated,481,6218,348,481,,,
proof_updated,484,6302,286,484,,,
proof_updated,485,6370,248,485,,,
proof_updated,486,6370,248,485,,,
proof_updated,487,6370,248,486,,,
proof_updated,488,6316,275,487,,,
proof_updated,489,6237,336,488,,,
proof_updated,490,6237,336,489,,,
proof_updated,514,6288,296,513,,,
proof_updated,515,6309,281,514,,,
proof_updated,516,5894,426,515,,,
proof_updated,517,5974,408,516,,,
proof_updated,518,5960,412,517,,,
proof_updated,519,5804,451,518,,,
proof_updated,520,5715,487,519,,,
proof_updated,522,6228,341,521,,,
proof_updated,523,5749,474,522,,,
proof_updated,524,5749,474,523,,,
proof_updated,525,5863,436,524,,,
proof_updated,526,6228,341,525,,,
proof_updated,535,6299,288,534,,,
proof_updated,536,6210,351,535,,,
proof_updated,537,5507,572,536,,,
proof_updated,538,6251,326,537,,,
proof_updated,539,6229,340,538,,,
proof_updated,540,6228,341,539,,,
proof_updated,541,6335,264,540,,,
proof_updated,543,5683,502,542,,,
proof_updated,544,5749,474,543,,,
proof_updated,545,5749,474,544,,,
proof_updated,548,6324,271,547,,,
proof_updated,549,6323,272,548,,,
proof_updated,551,6287,297,550,,,
proof_updated,552,6285,298,551,,,
proof_updated,557,6312,278,556,,,
proof_updated,558,6305,283,557,,,
proof_updated,559,6303,285,558,,,
proof_updated,560,6297,290,559,,,
proof_updated,562,6255,324,561,,,
proof_updated,565,5631,522,564,,,
proof_updated,566,5749,474,565,,,
proof_updated,569,6020,392,568,,,
proof_updated,570,5925,420,569,,,
proof_updated,571,5888,429,570,,,
proof_updated,572,6191,360,571,,,
proof_updated,576,6079,374,575,,,
proof_updated,577,6089,367,576,,,
proof_updated,578,6192,359,577,,,
proof_updated,579,6220,347,578,,,
proof_updated,582,5740,477,581,,,
proof_updated,584,6015,393,583,,,
proof_updated,585,6154,364,584,,,
proof_updated,587,5822,438,586,,,
proof_updated,588,5781,461,587,,,
proof_updated,589,6195,357,588,,,
proof_updated,590,6241,332,589,,,
proof_updated,591,5871,434,590,,,
proof_updated,592,6269,314,591,,,
proof_updated,599,5820,440,596,,,
proof_updated,600,5605,535,597,,,
proof_updated,601,5972,410,598,,,
proof_updated,602,6031,387,599,,,
proof_updated,605,6207,354,601,,,
proof_updated,606,6221,346,602,,,
proof_updated,607,5621,530,603,,,
proof_updated,610,6191,360,606,,,
proof_updated,612,5728,483,608,,,
proof_updated,613,5467,598,609,,,
proof_updated,614,5797,453,610,,,
proof_updated,615,6014,394,611,,,
proof_updated,616,6011,397,612,,,
proof_updated,617,6239,334,613,,,
proof_updated,618,6083,370,614,,,
proof_updated,619,6208,353,615,,,
proof_updated,620,6210,351,616,,,
proof_updated,623,5449,606,619,,,
proof_updated,624,6025,389,620,,,
proof_updated,630,6159,363,626,,,
proof_updated,631,5920,421,627,,,
proof_updated,632,6209,352,628,,,
proof_updated,633,6209,352,629,,,
proof_updated,634,6033,386,630,,,
proof_updated,636,6233,338,632,,,
proof_updated,638,6233,338,634,,,
proof_updated,639,6233,338,634,,,
proof_updated,640,5938,416,635,,,
proof_updated,643,6228,341,638,,,
proof_updated,644,6229,340,639,,,
proof_updated,647,5744,476,642,,,
proof_updated,648,5807,449,643,,,
proof_updated,650,5816,443,645,,,
proof_updated,652,6010,398,647,,,
proof_updated,653,6084,369,648,,,
proof_updated,658,5960,412,653,,,
proof_updated,659,6071,378,654,,,
proof_updated,660,6088,368,655,,,
proof_updated,661,6077,376,656,,,
proof_updated,662,5955,414,657,,,
proof_updated,663,6159,363,658,,,
proof_updated,664,5600,539,659,,,
proof_updated,665,6005,401,660,,,
proof_updated,666,6005,401,661,,,
proof_updated,667,6034,385,662,,,
proof_updated,668,5503,574,663,,,
proof_updated,669,5503,574,664,,,
proof_updated,670,6038,382,665,,,
proof_updated,671,6037,383,666,,,
proof_updated,681,5190,642,676,,,
proof_updated,684,5101,671,679,,,
proof_updated,687,5925,420,682,,,
proof_updated,688,6081,372,683,,,
proof_updated,689,5967,411,684,,,
proof_updated,690,5988,403,685,,,
proof_updated,691,6082,371,686,,,
proof_updated,692,6035,384,687,,,
proof_updated,693,6041,380,688,,,
proof_updated,694,6080,373,689,,,
proof_updated,697,5351,621,692,,,
proof_updated,698,5659,509,693,,,
proof_updated,699,5807,449,694,,,
proof_updated,700,6192,359,695,,,
proof_updated,701,5973,409,696,,,
proof_updated,705,4933,690,700,,,
proof_updated,706,5082,673,701,,,
proof_updated,707,5137,658,702,,,
proof_updated,708,4445,722,703,,,
proof_updated,709,5599,540,704,,,
proof_updated,713,6042,379,708,,,
proof_updated,714,6042,379,708,,,
proof_updated,715,6042,379,709,,,
proof_updated,716,5714,488,710,,,
proof_updated,721,5641,513,715,,,
proof_updated,722,6079,374,716,,,
proof_updated,726,6042,379,720,,,
proof_updated,728,5598,541,722,,,
proof_updated,729,5713,489,723,,,
proof_updated,733,5769,467,727,,,
proof_updated,736,6037,383,730,,,
proof_updated,737,6040,381,731,,,
proof_updated,738,6034,385,732,,,
proof_updated,739,6035,384,733,,,
proof_updated,741,6038,382,735,,,
proof_updated,742,5876,433,736,,,
proof_updated,743,5876,433,736,,,
proof_updated,744,5876,433,737,,,
proof_updated,746,5795,455,739,,,
proof_updated,765,5892,427,758,,,
proof_updated,766,6020,392,759,,,
proof_updated,768,5698,497,760,,,
proof_updated,770,5883,431,762,,,
proof_updated,771,5981,405,763,,,
proof_updated,772,5880,432,764,,,
proof_updated,775,5804,451,767,,,
proof_updated,778,5978,406,770,,,
proof_updated,779,5955,414,771,,,
proof_updated,780,5759,470,772,,,
proof_updated,781,5867,435,773,,,
proof_updated,782,5900,423,774,,,
proof_updated,783,5821,439,775,,,
proof_updated,785,5955,414,777,,,
proof_updated,786,5978,406,778,,,
proof_updated,787,5507,572,779,,,
proof_updated,790,5661,507,782,,,
proof_updated,791,5812,446,783,,,
proof_updated,792,5913,422,784,,,
proof_updated,794,5304,626,786,,,
proof_updated,795,5304,626,787,,,
proof_updated,796,5538,560,788,,,
proof_updated,797,5797,453,789,,,
proof_updated,801,5661,507,793,,,
proof_updated,806,5661,507,798,,,
proof_updated,807,5812,446,799,,,
proof_updated,808,5780,462,800,,,
proof_updated,810,5796,454,802,,,
proof_updated,811,4933,690,803,,,
proof_updated,812,5082,673,804,,,
proof_updated,813,5137,658,805,,,
proof_updated,814,5589,544,806,,,
proof_updated,815,5814,444,807,,,
proof_updated,816,5814,444,808,,,
proof_updated,817,5814,444,809,,,
proof_updated,818,5796,454,810,,,
proof_updated,819,5781,461,811,,,
proof_updated,821,5895,425,813,,,
proof_updated,823,5126,661,815,,,
proof_updated,826,5888,429,818,,,
proof_updated,827,5884,430,819,,,
proof_updated,828,5683,502,820,,,
proof_updated,829,5867,435,821,,,
proof_updated,830,5589,544,822,,,
proof_updated,831,5876,433,823,,,
proof_updated,832,4933,690,824,,,
proof_updated,833,5082,673,825,,,
proof_updated,834,5137,658,826,,,
proof_updated,835,5811,447,827,,,
proof_updated,836,5728,483,828,,,
proof_updated,837,5111,667,829,,,
proof_updated,839,5585,546,831,,,
proof_updated,841,5585,546,833,,,
proof_updated,843,5589,544,835,,,
proof_updated,844,5728,483,836,,,
proof_updated,845,5816,443,837,,,
proof_updated,847,5405,617,839,,,
proof_updated,848,5821,439,840,,,
proof_updated,849,5585,546,841,,,
proof_updated,851,5863,436,843,,,
proof_updated,852,5814,444,844,,,
proof_updated,853,5760,469,845,,,
proof_updated,854,5814,444,846,,,
proof_updated,855,5757,472,847,,,
proof_updated,856,5476,592,848,,,
proof_updated,857,5598,541,849,,,
proof_updated,858,5900,423,850,,,
proof_updated,864,5759,470,856,,,
proof_updated,866,5715,487,858,,,
proof_updated,867,5794,456,859,,,
proof_updated,868,5467,598,860,,,
proof_updated,869,5544,558,861,,,
proof_updated,870,5589,544,862,,,
proof_updated,872,5769,467,864,,,
proof_updated,873,5794,456,865,,,
proof_updated,875,5518,569,867,,,
proof_updated,876,5497,578,868,,,
proof_updated,877,5520,567,869,,,
proof_updated,883,5876,433,875,,,
proof_updated,886,5863,436,878,,,
proof_updated,887,5740,477,879,,,
proof_updated,888,5749,474,880,,,
proof_updated,889,5760,469,881,,,
proof_updated,897,5795,455,889,,,
proof_updated,898,5586,545,890,,,
proof_updated,899,5415,612,891,,,
proof_updated,900,5643,512,892,,,
proof_updated,901,5601,538,893,,,
proof_updated,902,5539,559,894,,,
proof_updated,903,5484,586,895,,,
proof_updated,904,5683,502,896,,,
proof_updated,905,5629,524,897,,,
proof_updated,906,5585,546,898,,,
proof_updated,909,5713,489,901,,,
proof_updated,910,5813,445,902,,,
proof_updated,911,5516,570,903,,,
proof_updated,912,5536,561,904,,,
proof_updated,914,5700,495,906,,,
proof_updated,915,5600,539,907,,,
proof_updated,916,5634,519,908,,,
proof_updated,917,5762,468,909,,,
proof_updated,919,5146,657,911,,,
proof_updated,921,5697,498,913,,,
proof_updated,923,5662,506,915,,,
proof_updated,924,5023,680,916,,,
proof_updated,925,5607,534,917,,,
proof_updated,926,5591,543,918,,,
proof_updated,928,5735,480,920,,,
proof_updated,929,5572,548,921,,,
proof_updated,935,5593,542,927,,,
proof_updated,936,5736,479,928,,,
proof_updated,938,5458,601,930,,,
proof_updated,939,5758,471,931,,,
proof_updated,940,5721,486,932,,,
proof_updated,941,5732,482,933,,,
proof_updated,942,5660,508,934,,,
proof_updated,943,5616,532,935,,,
proof_updated,944,5463,600,936,,,
proof_updated,945,5519,568,937,,,
proof_updated,946,5556,551,938,,,
proof_updated,947,5757,472,939,,,
proof_updated,948,5701,494,940,,,
proof_updated,949,5521,566,941,,,
proof_updated,950,5481,588,942,,,
proof_updated,952,5131,660,944,,,
proof_updated,953,5681,503,945,,,
proof_updated,954,4645,707,946,,,
proof_updated,955,5681,503,947,,,
proof_updated,956,5238,635,948,,,
proof_updated,958,5635,518,950,,,
proof_updated,973,5126,661,965,,,
proof_updated,975,5647,511,967,,,
proof_updated,976,5272,628,968,,,
proof_updated,977,5598,541,969,,,
proof_updated,978,5593,542,970,,,
proof_updated,979,5528,563,971,,,
proof_updated,981,5631,522,973,,,
proof_updated,982,5410,615,974,,,
proof_updated,983,5690,500,975,,,
proof_updated,984,5633,520,976,,,
proof_updated,985,5599,540,977,,,
proof_updated,986,5630,523,978,,,
proof_updated,987,5640,514,979,,,
proof_updated,988,5638,516,980,,,
proof_updated,989,5639,515,981,,,
proof_updated,990,5636,517,982,,,
proof_updated,991,5613,533,983,,,
proof_updated,992,5548,557,984,,,
proof_updated,993,5455,603,985,,,
proof_updated,994,5430,611,986,,,
proof_updated,996,4445,722,988,,,
proof_updated,997,5584,547,989,,,
proof_updated,998,5522,565,990,,,
proof_updated,999,5496,579,991,,,
proof_updated,1000,5475,593,992,,,
proof_updated,1001,5471,597,993,,,
proof_updated,1002,5698,497,994,,,
proof_updated,1003,5598,541,995,,,
proof_updated,1004,5691,499,996,,,
proof_updated,1005,5272,628,997,,,
proof_updated,1006,5641,513,998,,,
proof_updated,1014,5501,576,1006,,,
proof_updated,1016,5126,661,1008,,,
proof_updated,1017,4981,687,1009,,,
proof_updated,1018,5689,501,1010,,,
proof_updated,1019,5272,628,1011,,,
proof_updated,1020,5153,653,1012,,,
proof_updated,1021,5604,536,1013,,,
proof_updated,1022,5102,670,1014,,,
proof_updated,1034,5502,575,1026,,,
proof_updated,1035,5473,595,1027,,,
proof_updated,1042,5474,594,1034,,,
proof_updated,1043,5472,596,1035,,,
proof_updated,1046,5449,606,1038,,,
proof_updated,1047,5634,519,1039,,,
proof_updated,1048,5495,580,1040,,,
proof_updated,1049,4933,690,1041,,,
proof_updated,1050,5082,673,1042,,,
proof_updated,1051,5619,531,1043,,,
proof_updated,1053,5453,604,1045,,,
proof_updated,1054,5479,589,1046,,,
proof_updated,1055,5520,567,1047,,,
proof_updated,1061,5451,605,1053,,,
proof_updated,1066,5396,618,1058,,,
proof_updated,1067,5023,680,1059,,,
proof_updated,1069,5241,634,1061,,,
proof_updated,1072,5544,558,1064,,,
proof_updated,1073,5255,632,1065,,,
proof_updated,1074,5586,545,1066,,,
proof_updated,1076,5604,536,1068,,,
proof_updated,1078,5490,581,1070,,,
proof_updated,1080,5556,551,1072,,,
proof_updated,1082,5432,609,1074,,,
proof_updated,1083,5255,632,1075,,,
proof_updated,1084,5519,568,1076,,,
proof_updated,1085,5405,617,1077,,,
proof_updated,1087,5156,652,1079,,,
proof_updated,1088,4933,690,1080,,,
proof_updated,1089,5082,673,1081,,,
proof_updated,1090,5137,658,1082,,,
proof_updated,1093,5111,667,1085,,,
proof_updated,1095,5516,570,1087,,,
proof_updated,1099,5104,669,1091,,,
proof_updated,1100,5153,653,1092,,,
proof_updated,1104,5457,602,1096,,,
proof_updated,1105,5433,608,1097,,,
proof_updated,1107,5490,581,1099,,,
proof_updated,1108,5193,641,1100,,,
proof_updated,1109,5405,617,1101,,,
proof_updated,1110,5556,551,1102,,,
proof_updated,1111,5506,573,1103,,,
proof_updated,1112,5234,637,1104,,,
proof_updated,1113,5515,571,1105,,,
proof_updated,1114,5111,667,1106,,,
proof_updated,1118,5485,585,1110,,,
proof_updated,1119,5153,653,1111,,,
proof_updated,1120,5435,607,1112,,,
proof_updated,1121,5266,629,1113,,,
proof_updated,1122,5503,574,1114,,,
proof_updated,1135,5409,616,1127,,,
proof_updated,1136,5534,562,1128,,,
proof_updated,1137,5534,562,1129,,,
proof_updated,1140,5411,614,1132,,,
proof_updated,1142,5499,577,1134,,,
proof_updated,1144,5258,631,1136,,,
proof_updated,1145,5146,657,1137,,,
proof_updated,1146,5501,576,1138,,,
proof_updated,1148,5102,670,1140,,,
proof_updated,1153,5473,595,1145,,,
proof_updated,1155,5474,594,1147,,,
proof_updated,1161,5023,680,1153,,,
proof_updated,1164,5431,610,1154,,,
proof_updated,1165,5451,605,1155,,,
proof_updated,1166,5451,605,1156,,,
proof_updated,1167,5490,581,1157,,,
proof_updated,1172,5125,662,1162,,,
proof_updated,1173,5301,627,1163,,,
proof_updated,1174,4985,684,1164,,,
proof_updated,1175,4985,684,1165,,,
proof_updated,1176,5415,612,1166,,,
proof_updated,1180,5104,669,1170,,,
proof_updated,1183,5435,607,1173,,,
proof_updated,1185,5458,601,1175,,,
proof_updated,1186,5410,615,1176,,,
proof_updated,1187,5238,635,1177,,,
proof_updated,1188,5453,604,1178,,,
proof_updated,1191,5272,628,1181,,,
proof_updated,1192,5272,628,1182,,,
proof_updated,1193,5238,635,1183,,,
proof_updated,1194,5255,632,1184,,,
proof_updated,1196,5023,680,1186,,,
proof_updated,1198,5266,629,1188,,,
proof_updated,1199,5231,638,1189,,,
proof_updated,1200,5255,632,1190,,,
proof_updated,1201,5413,613,1191,,,
proof_updated,1202,5234,637,1192,,,
proof_updated,1203,5266,629,1193,,,
proof_updated,1204,5327,623,1194,,,
proof_updated,1205,5264,630,1195,,,
proof_updated,1206,5241,634,1196,,,
proof_updated,1208,5152,654,1198,,,
proof_updated,1209,5159,650,1199,,,
proof_updated,1210,5369,620,1200,,,
proof_updated,1211,5308,625,1201,,,
proof_updated,1213,5188,643,1203,,,
proof_updated,1214,4509,720,1204,,,
proof_updated,1215,5266,629,1205,,,
proof_updated,1216,5116,664,1206,,,
proof_updated,1217,5316,624,1207,,,
proof_updated,1218,5150,655,1208,,,
proof_updated,1219,5009,681,1209,,,
proof_updated,1220,5152,654,1210,,,
proof_updated,1223,5131,660,1213,,,
proof_updated,1224,4509,720,1214,,,
proof_updated,1226,5196,640,1216,,,
proof_updated,1227,5206,639,1217,,,
proof_updated,1228,5148,656,1218,,,
proof_updated,1229,5185,644,1219,,,
proof_updated,1230,5158,651,1220,,,
proof_updated,1231,5123,663,1221,,,
proof_updated,1232,5175,646,1222,,,
proof_updated,1233,5160,649,1223,,,
proof_updated,1236,5116,664,1226,,,
proof_updated,1237,5160,649,1227,,,
proof_updated,1238,5264,630,1228,,,
proof_updated,1239,5125,662,1229,,,
proof_updated,1241,5183,645,1231,,,
proof_updated,1243,5111,667,1233,,,
proof_updated,1245,4982,686,1235,,,
proof_updated,1246,5063,677,1236,,,
proof_updated,1247,4972,688,1237,,,
proof_updated,1248,5080,674,1238,,,
proof_updated,1249,5193,641,1239,,,
proof_updated,1251,4796,700,1241,,,
proof_updated,1252,4140,853,1242,,,
proof_updated,1253,5088,672,1243,,,
proof_updated,1254,5108,668,1244,,,
proof_updated,1255,5023,680,1245,,,
proof_updated,1256,4972,688,1246,,,
proof_updated,1257,4972,688,1247,,,
proof_updated,1258,5136,659,1248,,,
proof_updated,1259,5063,677,1249,,,
proof_updated,1261,5113,666,1251,,,
proof_updated,1262,5114,665,1252,,,
proof_updated,1263,5114,665,1253,,,
proof_updated,1264,4140,853,1254,,,
proof_updated,1266,4913,693,1256,,,
proof_updated,1270,4661,706,1260,,,
proof_updated,1273,5104,669,1263,,,
proof_updated,1274,4923,692,1264,,,
proof_updated,1281,4988,683,1271,,,
proof_updated,1283,4982,686,1273,,,
proof_updated,1287,4883,695,1277,,,
proof_updated,1288,4883,695,1278,,,
proof_updated,1291,4988,683,1281,,,
proof_updated,1292,5075,676,1282,,,
proof_updated,1293,5075,676,1283,,,
proof_updated,1294,4923,692,1284,,,
proof_updated,1295,4923,692,1285,,,
proof_updated,1296,5049,678,1286,,,
proof_updated,1297,5075,676,1287,,,
proof_updated,1298,4902,694,1288,,,
proof_updated,1299,5063,677,1289,,,
proof_updated,1300,5024,679,1290,,,
proof_updated,1303,4883,695,1293,,,
proof_updated,1304,5088,672,1294,,,
proof_updated,1306,5007,682,1296,,,
proof_updated,1307,5079,675,1297,,,
proof_updated,1309,4845,697,1299,,,
proof_updated,1312,4932,691,1302,,,
proof_updated,1313,4954,689,1303,,,
proof_updated,1314,4983,685,1304,,,
proof_updated,1315,4788,701,1305,,,
proof_updated,1316,4601,711,1306,,,
proof_updated,1317,4140,853,1307,,,
proof_updated,1318,4797,699,1308,,,
proof_updated,1319,4689,703,1309,,,
proof_updated,1320,4932,691,1310,,,
proof_updated,1321,4913,693,1311,,,
proof_updated,1322,4395,730,1312,,,
proof_updated,1323,4853,696,1313,,,
proof_updated,1324,4315,761,1314,,,
proof_updated,1325,4788,701,1315,,,
proof_updated,1328,4395,730,1318,,,
proof_updated,1329,4395,730,1319,,,
proof_updated,1330,4395,730,1320,,,
proof_updated,1331,4395,730,1321,,,
proof_updated,1332,4509,720,1322,,,
proof_updated,1333,4883,695,1323,,,
proof_updated,1334,4853,696,1324,,,
proof_updated,1335,4988,683,1325,,,
proof_updated,1336,4676,705,1326,,,
proof_updated,1337,4621,709,1327,,,
proof_updated,1338,4140,853,1328,,,
proof_updated,1339,4200,825,1329,,,
proof_updated,1343,4556,717,1333,,,
proof_updated,1344,4676,705,1334,,,
proof_updated,1345,4983,685,1335,,,
proof_updated,1350,4689,703,1340,,,
proof_updated,1356,4689,703,1346,,,
proof_updated,1358,4746,702,1348,,,
proof_updated,1360,4797,699,1350,,,
proof_updated,1361,4404,728,1351,,,
proof_updated,1362,4404,728,1352,,,
proof_updated,1363,4005,892,1353,,,
proof_updated,1364,4005,892,1354,,,
proof_updated,1365,4845,697,1355,,,
proof_updated,1366,4320,756,1356,,,
proof_updated,1367,4320,756,1357,,,
proof_updated,1368,4408,727,1358,,,
proof_updated,1369,4488,721,1359,,,
proof_updated,1370,4420,724,1360,,,
proof_updated,1371,4413,725,1361,,,
proof_updated,1372,4845,697,1362,,,
proof_updated,1373,4845,697,1363,,,
proof_updated,1374,4413,725,1364,,,
proof_updated,1376,4488,721,1366,,,
proof_updated,1377,4246,802,1367,,,
proof_updated,1378,4376,732,1368,,,
proof_updated,1379,4320,756,1369,,,
proof_updated,1380,4883,695,1370,,,
proof_updated,1382,4413,725,1372,,,
proof_updated,1383,4420,724,1373,,,
proof_updated,1384,4408,727,1374,,,
proof_updated,1387,4601,711,1377,,,
proof_updated,1388,4562,716,1378,,,
proof_updated,1389,4562,716,1379,,,
proof_updated,1391,4798,698,1381,,,
proof_updated,1392,4281,785,1382,,,
proof_updated,1393,4005,892,1383,,,
proof_updated,1394,4005,892,1383,,,
proof_updated,1395,4158,849,1384,,,
proof_updated,1396,4376,732,1385,,,
proof_updated,1398,4196,828,1387,,,
proof_updated,1399,4204,822,1388,,,
proof_updated,1400,4377,731,1389,,,
proof_updated,1401,4280,786,1390,,,
proof_updated,1402,4271,793,1391,,,
proof_updated,1403,4599,712,1392,,,
proof_updated,1409,4352,736,1398,,,
proof_updated,1411,4621,709,1400,,,
proof_updated,1412,4258,800,1401,,,
proof_updated,1413,4246,802,1402,,,
proof_updated,1415,4599,712,1404,,,
proof_updated,1416,4255,801,1405,,,
proof_updated,1417,4108,861,1406,,,
proof_updated,1419,4131,856,1408,,,
proof_updated,1420,4258,800,1409,,,
proof_updated,1421,4258,800,1410,,,
proof_updated,1422,4258,800,1411,,,
proof_updated,1424,4005,892,1413,,,
proof_updated,1425,4599,712,1414,,,
proof_updated,1426,4303,769,1415,,,
proof_updated,1427,4005,892,1413,,,
proof_updated,1428,4228,806,1416,,,
proof_updated,1430,4005,892,1418,,,
proof_updated,1431,4438,723,1419,,,
proof_updated,1432,4315,761,1420,,,
proof_updated,1433,4132,855,1421,,,
proof_updated,1434,4315,761,1422,,,
proof_updated,1436,4411,726,1424,,,
proof_updated,1438,4599,712,1426,,,
proof_updated,1440,4339,746,1428,,,
proof_updated,1441,4264,796,1429,,,
proof_updated,1442,4141,852,1430,,,
proof_updated,1443,4601,711,1431,,,
proof_updated,1444,4228,806,1432,,,
proof_updated,1445,4597,713,1433,,,
proof_updated,1453,4058,871,1441,,,
proof_updated,1454,4005,892,1442,,,
proof_updated,1455,4400,729,1443,,,
proof_updated,1456,4376,732,1444,,,
proof_updated,1462,4023,891,1450,,,
proof_updated,1465,4333,750,1453,,,
proof_updated,1467,4154,850,1455,,,
proof_updated,1468,4024,890,1456,,,
proof_updated,1469,4161,848,1457,,,
proof_updated,1470,4024,890,1458,,,
proof_updated,1471,4158,849,1459,,,
proof_updated,1472,4158,849,1460,,,
proof_updated,1477,4145,851,1465,,,
proof_updated,1478,4158,849,1466,,,
proof_updated,1479,4131,856,1467,,,
proof_updated,1481,4352,736,1469,,,
proof_updated,1483,4241,803,1471,,,
proof_updated,1488,4246,802,1476,,,
proof_updated,1489,4132,855,1477,,,
proof_updated,1490,4024,890,1478,,,
proof_updated,1492,4339,746,1480,,,
proof_updated,1493,4181,834,1481,,,
proof_updated,1494,4343,742,1482,,,
proof_updated,1496,4023,891,1484,,,
proof_updated,1503,4181,834,1491,,,
proof_updated,1507,4270,794,1495,,,
proof_updated,1508,4284,783,1496,,,
proof_updated,1509,4298,773,1497,,,
proof_updated,1510,4264,796,1498,,,
proof_updated,1515,4241,803,1503,,,
proof_updated,1517,4311,765,1505,,,
proof_updated,1518,4312,764,1506,,,
proof_updated,1526,4297,774,1514,,,
proof_updated,1527,4181,834,1515,,,
proof_updated,1528,4257,895,1516,,,
proof_updated,1529,4262,894,1517,,,
proof_updated,1531,4350,738,1518,,,
proof_updated,1532,4141,852,1519,,,
proof_updated,1534,4285,782,1521,,,
proof_updated,1536,4005,892,1523,,,
proof_updated,1537,4046,872,1524,,,
proof_updated,1540,4342,743,1527,,,
proof_updated,1543,4025,889,1530,,,
proof_updated,1550,4276,789,1537,,,
proof_updated,1553,4023,891,1540,,,
proof_updated,1554,4316,760,1541,,,
proof_updated,1555,4274,791,1542,,,
proof_updated,1557,4031,883,1544,,,
proof_updated,1558,4221,811,1545,,,
proof_updated,1559,4278,788,1546,,,
proof_updated,1560,4295,776,1547,,,
proof_updated,1561,4046,872,1548,,,
proof_updated,1564,4024,890,1551,,,
proof_updated,1565,4272,792,1552,,,
proof_updated,1566,4272,792,1553,,,
proof_updated,1567,4302,770,1554,,,
proof_updated,1568,4309,767,1555,,,
proof_updated,1569,4319,757,1556,,,
proof_updated,1570,4270,794,1557,,,
proof_updated,1571,4270,794,1558,,,
proof_updated,1572,4298,773,1559,,,
proof_updated,1574,4158,849,1561,,,
proof_updated,1577,4313,763,1564,,,
proof_updated,1578,4030,884,1565,,,
proof_updated,1579,4317,759,1566,,,
proof_updated,1582,4274,791,1569,,,
proof_updated,1583,4275,790,1570,,,
proof_updated,1584,4296,775,1571,,,
proof_updated,1585,4274,791,1572,,,
proof_updated,1588,4275,790,1575,,,
proof_updated,1590,4292,778,1577,,,
proof_updated,1592,4304,768,1579,,,
proof_updated,1593,4275,790,1580,,,
proof_updated,1594,4310,766,1581,,,
proof_updated,1595,4030,884,1582,,,
proof_updated,1597,4284,783,1584,,,
proof_updated,1598,4297,774,1585,,,
proof_updated,1599,4297,774,1586,,,
proof_updated,1600,4203,823,1587,,,
proof_updated,1601,4279,787,1588,,,
proof_updated,1602,4170,841,1589,,,
proof_updated,1605,4290,779,1592,,,
proof_updated,1606,4031,883,1593,,,
proof_updated,1607,4031,883,1594,,,
proof_updated,1608,4029,885,1595,,,
proof_updated,1609,4293,777,1596,,,
proof_updated,1611,4030,884,1598,,,
proof_updated,1612,4297,774,1599,,,
proof_updated,1614,4062,869,1601,,,
proof_updated,1618,4212,816,1605,,,
proof_updated,1619,4259,799,1606,,,
proof_updated,1620,4083,865,1607,,,
proof_updated,1622,4226,807,1609,,,
proof_updated,1629,4032,882,1616,,,
proof_updated,1631,4288,780,1618,,,
proof_updated,1634,4216,897,1621,,,
proof_updated,1635,4206,820,1622,,,
proof_updated,1636,4262,894,1623,,,
proof_updated,1639,4257,895,1626,,,
proof_updated,1640,4276,789,1627,,,
proof_updated,1641,4139,854,1628,,,
proof_updated,1642,4085,863,1629,,,
proof_updated,1643,4227,896,1630,,,
proof_updated,1644,4283,784,1631,,,
proof_updated,1646,4227,896,1633,,,
proof_updated,1648,4283,784,1635,,,
proof_updated,1649,4285,782,1636,,,
proof_updated,1650,4038,876,1637,,,
proof_updated,1651,4162,847,1638,,,
proof_updated,1653,4179,835,1640,,,
proof_updated,1654,4220,812,1641,,,
proof_updated,1655,4260,798,1642,,,
proof_updated,1656,4260,798,1643,,,
proof_updated,1659,4207,819,1646,,,
proof_updated,1661,4218,814,1648,,,
proof_updated,1662,4179,835,1649,,,
proof_updated,1663,4179,835,1650,,,
proof_updated,1664,4217,815,1651,,,
proof_updated,1665,4179,835,1652,,,
proof_updated,1666,4224,809,1653,,,
proof_updated,1667,4221,811,1654,,,
proof_updated,1668,4179,835,1655,,,
proof_updated,1670,4226,807,1657,,,
proof_updated,1671,4221,811,1658,,,
proof_updated,1672,4217,815,1659,,,
proof_updated,1673,4261,797,1660,,,
proof_updated,1674,4275,790,1661,,,
proof_updated,1677,4059,870,1664,,,
proof_updated,1682,4192,831,1669,,,
proof_updated,1683,4226,807,1670,,,
proof_updated,1684,4220,812,1671,,,
proof_updated,1685,4170,841,1672,,,
proof_updated,1686,4225,808,1673,,,
proof_updated,1687,4212,816,1674,,,
proof_updated,1688,4260,798,1675,,,
proof_updated,1691,4199,826,1678,,,
proof_updated,1692,4212,816,1679,,,
proof_updated,1694,4033,881,1681,,,
proof_updated,1695,4167,842,1682,,,
proof_updated,1696,4192,831,1683,,,
proof_updated,1697,4201,824,1684,,,
proof_updated,1698,4210,817,1685,,,
proof_updated,1699,4299,772,1686,,,
proof_updated,1700,4032,882,1687,,,
proof_updated,1701,4164,845,1688,,,
proof_updated,1702,4199,826,1689,,,
proof_updated,1703,4221,811,1690,,,
proof_updated,1704,4201,824,1691,,,
proof_updated,1706,4195,829,1693,,,
proof_updated,1707,4195,829,1694,,,
proof_updated,1708,4219,813,1695,,,
proof_updated,1709,4209,818,1696,,,
proof_updated,1710,4209,818,1697,,,
proof_updated,1711,4036,878,1698,,,
proof_updated,1712,4037,877,1699,,,
proof_updated,1713,4194,830,1700,,,
proof_updated,1714,4194,830,1701,,,
proof_updated,1715,4210,817,1702,,,
proof_updated,1716,4201,824,1703,,,
proof_updated,1717,4084,864,1704,,,
proof_updated,1718,4062,869,1705,,,
proof_updated,1719,4104,862,1706,,,
proof_updated,1720,4129,857,1707,,,
proof_updated,1721,4165,844,1708,,,
proof_updated,1723,4223,810,1710,,,
proof_updated,1724,4035,879,1711,,,
proof_updated,1727,4189,833,1714,,,
proof_updated,1728,4189,833,1715,,,
proof_updated,1730,4188,898,1717,,,
proof_updated,1733,4210,817,1720,,,
proof_updated,1734,4203,823,1721,,,
proof_updated,1735,4203,823,1722,,,
proof_updated,1736,4156,901,1723,,,
proof_updated,1737,4164,845,1724,,,
proof_updated,1743,4192,831,1730,,,
proof_updated,1744,4203,823,1731,,,
proof_updated,1745,4203,823,1732,,,
proof_updated,1746,4164,845,1733,,,
proof_updated,1747,4209,818,1734,,,
proof_updated,1748,4075,868,1735,,,
proof_updated,1750,4194,830,1737,,,
proof_updated,1751,4201,824,1738,,,
proof_updated,1752,4076,867,1739,,,
proof_updated,1753,4033,881,1740,,,
proof_updated,1754,4201,824,1741,,,
proof_updated,1759,4122,859,1746,,,
proof_updated,1760,4163,846,1747,,,
proof_updated,1762,4079,866,1749,,,
proof_updated,1763,4079,866,1750,,,
proof_updated,1764,4164,845,1751,,,
proof_updated,1765,4075,868,1752,,,
proof_updated,1767,4162,847,1754,,,
proof_updated,1770,4039,875,1757,,,
proof_updated,1771,4104,862,1758,,,
proof_updated,1772,4120,860,1759,,,
proof_updated,1773,4126,858,1760,,,
proof_updated,1775,4275,790,1762,,,
proof_updated,1776,4079,866,1763,,,
proof_updated,1778,4104,862,1765,,,
proof_updated,1779,4129,857,1766,,,
proof_updated,1780,4041,874,1767,,,
proof_updated,1783,4037,877,1770,,,
proof_updated,1784,4042,873,1771,,,
skipped,2,6202,,,,,No Payment Proof URL
skipped,3,6238,,,,,No Payment Proof URL
skipped,4,6255,,,,,No Payment Proof URL
skipped,5,6323,,,,,No Payment Proof URL
skipped,6,6352,,,,,No Payment Proof URL
skipped,7,6417,,,,,No Payment Proof URL
skipped,8,6489,,,,,No Payment Proof URL
skipped,9,6511,,,,,No Payment Proof URL
skipped,10,6540,,,,,No Payment Proof URL
skipped,11,6603,,,,,No Payment Proof URL
skipped,15,6772,,,,,No Payment Proof URL
skipped,20,7001,,,,,No Payment Proof URL
skipped,24,6366,,,,,No Payment Proof URL
skipped,25,7017,,,,,No Payment Proof URL
skipped,26,6588,,,,,No Payment Proof URL
skipped,27,6473,,,,,No Payment Proof URL
skipped,28,5603,,,,,No Payment Proof URL
skipped,42,6719,,,,,No Payment Proof URL
skipped,44,6983,,,,,No Payment Proof URL
skipped,45,6758,,,,,No Payment Proof URL
skipped,57,6383,,,,,No Payment Proof URL
skipped,58,6428,,,,,No Payment Proof URL
skipped,59,6078,,,,,No Payment Proof URL
skipped,66,6266,,,,,No Payment Proof URL
skipped,67,6340,,,,,No Payment Proof URL
skipped,68,6346,,,,,No Payment Proof URL
skipped,69,6375,,,,,No Payment Proof URL
skipped,70,6350,,,,,No Payment Proof URL
skipped,71,6366,,,,,No Payment Proof URL
skipped,72,6364,,,,,No Payment Proof URL
skipped,73,6429,,,,,No Payment Proof URL
skipped,74,6435,,,,,No Payment Proof URL
skipped,75,6512,,,,,No Payment Proof URL
skipped,76,6534,,,,,No Payment Proof URL
skipped,77,6557,,,,,No Payment Proof URL
skipped,80,6423,,,,,No Payment Proof URL
skipped,85,6759,,,,,No Payment Proof URL
skipped,88,6991,,,,,No Payment Proof URL
skipped,91,6583,,,,,No Payment Proof URL
skipped,97,6652,,,,,No Payment Proof URL
skipped,101,5673,,,,,No Payment Proof URL
skipped,102,6080,,,,,No Payment Proof URL
skipped,106,6276,,,,,No Payment Proof URL
skipped,107,6080,,,,,No Payment Proof URL
skipped,108,6229,,,,,No Payment Proof URL
skipped,109,6226,,,,,No Payment Proof URL
skipped,110,6251,,,,,No Payment Proof URL
skipped,111,6280,,,,,No Payment Proof URL
skipped,112,6341,,,,,No Payment Proof URL
skipped,113,6299,,,,,No Payment Proof URL
skipped,114,6404,,,,,No Payment Proof URL
skipped,115,6538,,,,,No Payment Proof URL
skipped,116,6438,,,,,No Payment Proof URL
skipped,117,6473,,,,,No Payment Proof URL
skipped,120,6271,,,,,No Payment Proof URL
skipped,121,6272,,,,,No Payment Proof URL
skipped,122,6283,,,,,No Payment Proof URL
skipped,123,6596,,,,,No Payment Proof URL
skipped,125,6652,,,,,No Payment Proof URL
skipped,127,6391,,,,,No Payment Proof URL
skipped,128,6392,,,,,No Payment Proof URL
skipped,130,6310,,,,,No Payment Proof URL
skipped,131,6550,,,,,No Payment Proof URL
skipped,132,6470,,,,,No Payment Proof URL
skipped,133,6590,,,,,No Payment Proof URL
skipped,135,5548,,,,,No Payment Proof URL
skipped,136,6273,,,,,No Payment Proof URL
skipped,137,6248,,,,,No Payment Proof URL
skipped,138,6296,,,,,No Payment Proof URL
skipped,139,6378,,,,,No Payment Proof URL
skipped,140,6385,,,,,No Payment Proof URL
skipped,141,6386,,,,,No Payment Proof URL
skipped,142,6431,,,,,No Payment Proof URL
skipped,143,6442,,,,,No Payment Proof URL
skipped,144,6470,,,,,No Payment Proof URL
skipped,147,6263,,,,,No Payment Proof URL
skipped,155,6620,,,,,No Payment Proof URL
skipped,158,6302,,,,,No Payment Proof URL
skipped,161,6557,,,,,No Payment Proof URL
skipped,162,5920,,,,,No Payment Proof URL
skipped,163,6284,,,,,No Payment Proof URL
skipped,164,6441,,,,,No Payment Proof URL
skipped,165,6440,,,,,No Payment Proof URL
skipped,166,6449,,,,,No Payment Proof URL
skipped,167,6383,,,,,No Payment Proof URL
skipped,175,6518,,,,,No Payment Proof URL
skipped,176,6653,,,,,No Payment Proof URL
skipped,177,6593,,,,,No Payment Proof URL
skipped,178,6478,,,,,No Payment Proof URL
skipped,179,6406,,,,,No Payment Proof URL
skipped,181,6369,,,,,No Payment Proof URL
skipped,187,6462,,,,,No Payment Proof URL
skipped,189,6671,,,,,No Payment Proof URL
skipped,190,6399,,,,,No Payment Proof URL
skipped,195,6534,,,,,No Payment Proof URL
skipped,199,6571,,,,,No Payment Proof URL
skipped,200,6100,,,,,No Payment Proof URL
skipped,201,6025,,,,,No Payment Proof URL
skipped,202,6089,,,,,No Payment Proof URL
skipped,203,6239,,,,,No Payment Proof URL
skipped,204,6228,,,,,No Payment Proof URL
skipped,205,6301,,,,,No Payment Proof URL
skipped,206,6190,,,,,No Payment Proof URL
skipped,207,6290,,,,,No Payment Proof URL
skipped,208,6435,,,,,No Payment Proof URL
skipped,209,5101,,,,,No Payment Proof URL
skipped,217,6484,,,,,No Payment Proof URL
skipped,218,5821,,,,,No Payment Proof URL
skipped,222,6346,,,,,No Payment Proof URL
skipped,223,6251,,,,,No Payment Proof URL
skipped,224,6538,,,,,No Payment Proof URL
skipped,226,6193,,,,,No Payment Proof URL
skipped,227,6007,,,,,No Payment Proof URL
skipped,228,5938,,,,,No Payment Proof URL
skipped,229,6005,,,,,No Payment Proof URL
skipped,230,6027,,,,,No Payment Proof URL
skipped,231,6535,,,,,No Payment Proof URL
skipped,232,6453,,,,,No Payment Proof URL
skipped,233,6447,,,,,No Payment Proof URL
skipped,236,5636,,,,,No Payment Proof URL
skipped,237,5930,,,,,No Payment Proof URL
skipped,238,5913,,,,,No Payment Proof URL
skipped,239,6190,,,,,No Payment Proof URL
skipped,240,6220,,,,,No Payment Proof URL
skipped,241,6282,,,,,No Payment Proof URL
skipped,242,6262,,,,,No Payment Proof URL
skipped,243,6297,,,,,No Payment Proof URL
skipped,244,6370,,,,,No Payment Proof URL
skipped,245,6303,,,,,No Payment Proof URL
skipped,246,6302,,,,,No Payment Proof URL
skipped,247,6305,,,,,No Payment Proof URL
skipped,248,6312,,,,,No Payment Proof URL
skipped,249,6314,,,,,No Payment Proof URL
skipped,250,6327,,,,,No Payment Proof URL
skipped,251,6326,,,,,No Payment Proof URL
skipped,252,6267,,,,,No Payment Proof URL
skipped,253,6351,,,,,No Payment Proof URL
skipped,254,6384,,,,,No Payment Proof URL
skipped,255,6493,,,,,No Payment Proof URL
skipped,256,6010,,,,,No Payment Proof URL
skipped,257,5954,,,,,No Payment Proof URL
skipped,261,6308,,,,,No Payment Proof URL
skipped,266,6278,,,,,No Payment Proof URL
skipped,267,6278,,,,,No Payment Proof URL
skipped,268,6279,,,,,No Payment Proof URL
skipped,269,6277,,,,,No Payment Proof URL
skipped,270,6276,,,,,No Payment Proof URL
skipped,271,6276,,,,,No Payment Proof URL
skipped,279,6225,,,,,No Payment Proof URL
skipped,280,6230,,,,,No Payment Proof URL
skipped,281,6015,,,,,No Payment Proof URL
skipped,282,6011,,,,,No Payment Proof URL
skipped,283,6009,,,,,No Payment Proof URL
skipped,285,6079,,,,,No Payment Proof URL
skipped,286,5821,,,,,No Payment Proof URL
skipped,287,6082,,,,,No Payment Proof URL
skipped,288,6083,,,,,No Payment Proof URL
skipped,293,6470,,,,,No Payment Proof URL
skipped,294,5871,,,,,No Payment Proof URL
skipped,295,6191,,,,,No Payment Proof URL
skipped,296,6283,,,,,No Payment Proof URL
skipped,300,6244,,,,,No Payment Proof URL
skipped,301,6245,,,,,No Payment Proof URL
skipped,302,6349,,,,,No Payment Proof URL
skipped,303,6241,,,,,No Payment Proof URL
skipped,304,6192,,,,,No Payment Proof URL
skipped,305,6191,,,,,No Payment Proof URL
skipped,306,5973,,,,,No Payment Proof URL
skipped,307,5627,,,,,No Payment Proof URL
skipped,308,5190,,,,,No Payment Proof URL
skipped,311,6537,,,,,No Payment Proof URL
skipped,314,6489,,,,,No Payment Proof URL
skipped,315,5955,,,,,No Payment Proof URL
skipped,316,5822,,,,,No Payment Proof URL
skipped,317,6282,,,,,No Payment Proof URL
skipped,319,6218,,,,,No Payment Proof URL
skipped,321,6309,,,,,No Payment Proof URL
skipped,322,6154,,,,,No Payment Proof URL
skipped,323,6316,,,,,No Payment Proof URL
skipped,324,5603,,,,,No Payment Proof URL
skipped,328,6275,,,,,No Payment Proof URL
skipped,330,6517,,,,,No Payment Proof URL
skipped,331,5920,,,,,No Payment Proof URL
skipped,333,5967,,,,,No Payment Proof URL
skipped,334,5304,,,,,No Payment Proof URL
skipped,335,5807,,,,,No Payment Proof URL
skipped,336,5812,,,,,No Payment Proof URL
skipped,337,6221,,,,,No Payment Proof URL
skipped,338,6208,,,,,No Payment Proof URL
skipped,339,6273,,,,,No Payment Proof URL
skipped,348,6464,,,,,No Payment Proof URL
skipped,349,6516,,,,,No Payment Proof URL
skipped,351,6248,,,,,No Payment Proof URL
skipped,355,6318,,,,,No Payment Proof URL
skipped,356,6364,,,,,No Payment Proof URL
skipped,358,6439,,,,,No Payment Proof URL
skipped,360,6310,,,,,No Payment Proof URL
skipped,361,6390,,,,,No Payment Proof URL
skipped,363,5880,,,,,No Payment Proof URL
skipped,364,5659,,,,,No Payment Proof URL
skipped,366,5777,,,,,No Payment Proof URL
skipped,367,6195,,,,,No Payment Proof URL
skipped,368,6210,,,,,No Payment Proof URL
skipped,369,6218,,,,,No Payment Proof URL
skipped,371,6207,,,,,No Payment Proof URL
skipped,378,6014,,,,,No Payment Proof URL
skipped,379,6295,,,,,No Payment Proof URL
skipped,380,6391,,,,,No Payment Proof URL
skipped,381,6392,,,,,No Payment Proof URL
skipped,383,6084,,,,,No Payment Proof URL
skipped,387,6426,,,,,No Payment Proof URL
skipped,388,5616,,,,,No Payment Proof URL
skipped,393,6351,,,,,No Payment Proof URL
skipped,394,6321,,,,,No Payment Proof URL
skipped,403,6263,,,,,No Payment Proof URL
skipped,404,6258,,,,,No Payment Proof URL
skipped,408,6321,,,,,No Payment Proof URL
skipped,409,5889,,,,,No Payment Proof URL
skipped,411,5819,,,,,No Payment Proof URL
skipped,412,5895,,,,,No Payment Proof URL
skipped,413,6361,,,,,No Payment Proof URL
skipped,414,6274,,,,,No Payment Proof URL
skipped,422,6031,,,,,No Payment Proof URL
skipped,423,6088,,,,,No Payment Proof URL
skipped,427,6450,,,,,No Payment Proof URL
skipped,432,6081,,,,,No Payment Proof URL
skipped,433,6041,,,,,No Payment Proof URL
skipped,434,6040,,,,,No Payment Proof URL
skipped,435,6038,,,,,No Payment Proof URL
skipped,436,6037,,,,,No Payment Proof URL
skipped,437,6035,,,,,No Payment Proof URL
skipped,438,6034,,,,,No Payment Proof URL
skipped,439,5975,,,,,No Payment Proof URL
skipped,440,5932,,,,,No Payment Proof URL
skipped,441,5732,,,,,No Payment Proof URL
skipped,442,5616,,,,,No Payment Proof URL
skipped,443,5507,,,,,No Payment Proof URL
skipped,445,6366,,,,,No Payment Proof URL
skipped,447,6432,,,,,No Payment Proof URL
skipped,455,5744,,,,,No Payment Proof URL
skipped,457,6350,,,,,No Payment Proof URL
skipped,458,6248,,,,,No Payment Proof URL
skipped,462,5627,,,,,No Payment Proof URL
skipped,463,6351,,,,,No Payment Proof URL
skipped,466,5780,,,,,No Payment Proof URL
skipped,467,5888,,,,,No Payment Proof URL
skipped,475,6290,,,,,No Payment Proof URL
skipped,476,6349,,,,,No Payment Proof URL
skipped,482,5673,,,,,No Payment Proof URL
skipped,483,5673,,,,,No Payment Proof URL
skipped,491,5867,,,,,No Payment Proof URL
skipped,492,5796,,,,,No Payment Proof URL
skipped,493,5925,,,,,No Payment Proof URL
skipped,494,5884,,,,,No Payment Proof URL
skipped,495,5895,,,,,No Payment Proof URL
skipped,496,5819,,,,,No Payment Proof URL
skipped,497,5806,,,,,No Payment Proof URL
skipped,498,5654,,,,,No Payment Proof URL
skipped,499,5572,,,,,No Payment Proof URL
skipped,500,5759,,,,,No Payment Proof URL
skipped,501,5733,,,,,No Payment Proof URL
skipped,502,5818,,,,,No Payment Proof URL
skipped,503,5638,,,,,No Payment Proof URL
skipped,504,5900,,,,,No Payment Proof URL
skipped,505,5639,,,,,No Payment Proof URL
skipped,506,5661,,,,,No Payment Proof URL
skipped,507,5793,,,,,No Payment Proof URL
skipped,508,5778,,,,,No Payment Proof URL
skipped,509,5484,,,,,No Payment Proof URL
skipped,510,5591,,,,,No Payment Proof URL
skipped,511,5824,,,,,No Payment Proof URL
skipped,512,5813,,,,,No Payment Proof URL
skipped,513,5740,,,,,No Payment Proof URL
skipped,521,5978,,,,,No Payment Proof URL
skipped,527,6282,,,,,No Payment Proof URL
skipped,528,6284,,,,,No Payment Proof URL
skipped,529,6253,,,,,No Payment Proof URL
skipped,530,6265,,,,,No Payment Proof URL
skipped,531,6326,,,,,No Payment Proof URL
skipped,532,6009,,,,,No Payment Proof URL
skipped,533,6226,,,,,No Payment Proof URL
skipped,534,6225,,,,,No Payment Proof URL
skipped,542,6230,,,,,No Payment Proof URL
skipped,546,5812,,,,,No Payment Proof URL
skipped,547,6327,,,,,No Payment Proof URL
skipped,550,6304,,,,,No Payment Proof URL
skipped,553,6315,,,,,No Payment Proof URL
skipped,554,6301,,,,,No Payment Proof URL
skipped,555,6262,,,,,No Payment Proof URL
skipped,556,6248,,,,,No Payment Proof URL
skipped,561,6296,,,,,No Payment Proof URL
skipped,563,6241,,,,,No Payment Proof URL
skipped,564,5673,,,,,No Payment Proof URL
skipped,567,5972,,,,,No Payment Proof URL
skipped,568,6007,,,,,No Payment Proof URL
skipped,573,5757,,,,,No Payment Proof URL
skipped,574,5690,,,,,No Payment Proof URL
skipped,575,5605,,,,,No Payment Proof URL
skipped,580,6218,,,,,No Payment Proof URL
skipped,581,5932,,,,,No Payment Proof URL
skipped,583,5954,,,,,No Payment Proof URL
skipped,586,6042,,,,,No Payment Proof URL
skipped,593,5101,,,,,No Payment Proof URL
skipped,594,6013,,,,,No Payment Proof URL
skipped,595,6233,,,,,No Payment Proof URL
skipped,596,6233,,,,,No Payment Proof URL
skipped,597,6233,,,,,No Payment Proof URL
skipped,598,6233,,,,,No Payment Proof URL
skipped,603,5822,,,,,No Payment Proof URL
skipped,604,5822,,,,,No Payment Proof URL
skipped,608,5613,,,,,No Payment Proof URL
skipped,609,5631,,,,,No Payment Proof URL
skipped,611,6191,,,,,No Payment Proof URL
skipped,621,6193,,,,,No Payment Proof URL
skipped,622,6193,,,,,No Payment Proof URL
skipped,625,6027,,,,,No Payment Proof URL
skipped,626,6027,,,,,No Payment Proof URL
skipped,627,6027,,,,,No Payment Proof URL
skipped,628,5800,,,,,No Payment Proof URL
skipped,629,5800,,,,,No Payment Proof URL
skipped,635,5930,,,,,No Payment Proof URL
skipped,637,5772,,,,,No Payment Proof URL
skipped,641,5863,,,,,No Payment Proof URL
skipped,642,5432,,,,,No Payment Proof URL
skipped,645,5689,,,,,No Payment Proof URL
skipped,646,5744,,,,,No Payment Proof URL
skipped,649,6190,,,,,No Payment Proof URL
skipped,651,5931,,,,,No Payment Proof URL
skipped,654,5622,,,,,No Payment Proof URL
skipped,655,5624,,,,,No Payment Proof URL
skipped,656,5625,,,,,No Payment Proof URL
skipped,657,5632,,,,,No Payment Proof URL
skipped,672,5635,,,,,No Payment Proof URL
skipped,673,5660,,,,,No Payment Proof URL
skipped,674,5691,,,,,No Payment Proof URL
skipped,675,5736,,,,,No Payment Proof URL
skipped,676,5515,,,,,No Payment Proof URL
skipped,677,5623,,,,,No Payment Proof URL
skipped,678,5629,,,,,No Payment Proof URL
skipped,679,5758,,,,,No Payment Proof URL
skipped,680,5700,,,,,No Payment Proof URL
skipped,682,5920,,,,,No Payment Proof URL
skipped,683,5152,,,,,No Payment Proof URL
skipped,685,6023,,,,,No Payment Proof URL
skipped,686,5807,,,,,No Payment Proof URL
skipped,695,6023,,,,,No Payment Proof URL
skipped,696,6040,,,,,No Payment Proof URL
skipped,702,5894,,,,,No Payment Proof URL
skipped,703,5697,,,,,No Payment Proof URL
skipped,704,6080,,,,,No Payment Proof URL
skipped,710,5769,,,,,No Payment Proof URL
skipped,711,5722,,,,,No Payment Proof URL
skipped,712,6080,,,,,No Payment Proof URL
skipped,717,5584,,,,,No Payment Proof URL
skipped,718,5585,,,,,No Payment Proof URL
skipped,719,5735,,,,,No Payment Proof URL
skipped,720,5762,,,,,No Payment Proof URL
skipped,723,5555,,,,,No Payment Proof URL
skipped,724,5550,,,,,No Payment Proof URL
skipped,725,5871,,,,,No Payment Proof URL
skipped,727,5549,,,,,No Payment Proof URL
skipped,730,5794,,,,,No Payment Proof URL
skipped,731,5647,,,,,No Payment Proof URL
skipped,732,5641,,,,,No Payment Proof URL
skipped,734,5824,,,,,No Payment Proof URL
skipped,735,5819,,,,,No Payment Proof URL
skipped,740,6041,,,,,No Payment Proof URL
skipped,745,6042,,,,,No Payment Proof URL
skipped,747,5534,,,,,No Payment Proof URL
skipped,748,5634,,,,,No Payment Proof URL
skipped,749,5633,,,,,No Payment Proof URL
skipped,750,5630,,,,,No Payment Proof URL
skipped,751,5640,,,,,No Payment Proof URL
skipped,752,5593,,,,,No Payment Proof URL
skipped,753,5721,,,,,No Payment Proof URL
skipped,754,5788,,,,,No Payment Proof URL
skipped,755,5789,,,,,No Payment Proof URL
skipped,756,5760,,,,,No Payment Proof URL
skipped,757,5876,,,,,No Payment Proof URL
skipped,758,5589,,,,,No Payment Proof URL
skipped,759,5871,,,,,No Payment Proof URL
skipped,760,5722,,,,,No Payment Proof URL
skipped,761,6577,,,,,No Payment Proof URL
skipped,762,5889,,,,,No Payment Proof URL
skipped,763,5931,,,,,No Payment Proof URL
skipped,764,5745,,,,,No Payment Proof URL
skipped,767,6024,,,,,Order not found for PUI: 6024
skipped,769,5974,,,,,No Payment Proof URL
skipped,773,5660,,,,,No Payment Proof URL
skipped,774,5528,,,,,No Payment Proof URL
skipped,776,5932,,,,,No Payment Proof URL
skipped,777,5913,,,,,No Payment Proof URL
skipped,784,5777,,,,,No Payment Proof URL
skipped,788,5701,,,,,No Payment Proof URL
skipped,789,5705,,,,,No Payment Proof URL
skipped,793,5925,,,,,No Payment Proof URL
skipped,798,5955,,,,,No Payment Proof URL
skipped,799,5681,,,,,No Payment Proof URL
skipped,800,5794,,,,,No Payment Proof URL
skipped,802,5806,,,,,No Payment Proof URL
skipped,803,5778,,,,,No Payment Proof URL
skipped,804,5507,,,,,No Payment Proof URL
skipped,805,5818,,,,,No Payment Proof URL
skipped,809,5654,,,,,No Payment Proof URL
skipped,820,5896,,,,,No Payment Proof URL
skipped,822,5895,,,,,No Payment Proof URL
skipped,824,5561,,,,,No Payment Proof URL
skipped,825,5589,,,,,No Payment Proof URL
skipped,838,5811,,,,,No Payment Proof URL
skipped,840,5793,,,,,No Payment Proof URL
skipped,842,5888,,,,,No Payment Proof URL
skipped,846,5451,,,,,No Payment Proof URL
skipped,850,5814,,,,,No Payment Proof URL
skipped,859,5552,,,,,No Payment Proof URL
skipped,860,5704,,,,,No Payment Proof URL
skipped,861,5723,,,,,No Payment Proof URL
skipped,862,5706,,,,,No Payment Proof URL
skipped,863,5707,,,,,No Payment Proof URL
skipped,865,5126,,,,,No Payment Proof URL
skipped,871,5159,,,,,No Payment Proof URL
skipped,874,5794,,,,,No Payment Proof URL
skipped,878,6577,,,,,No Payment Proof URL
skipped,879,6246,,,,,No Payment Proof URL
skipped,880,4609,,,,,No Payment Proof URL
skipped,881,5238,,,,,No Payment Proof URL
skipped,882,5156,,,,,No Payment Proof URL
skipped,884,5788,,,,,No Payment Proof URL
skipped,885,5789,,,,,No Payment Proof URL
skipped,890,5123,,,,,No Payment Proof URL
skipped,891,5316,,,,,No Payment Proof URL
skipped,892,5433,,,,,No Payment Proof URL
skipped,893,5523,,,,,No Payment Proof URL
skipped,894,5455,,,,,No Payment Proof URL
skipped,895,5479,,,,,No Payment Proof URL
skipped,896,5370,,,,,No Payment Proof URL
skipped,907,5591,,,,,No Payment Proof URL
skipped,908,5553,,,,,No Payment Proof URL
skipped,913,5544,,,,,No Payment Proof URL
skipped,918,5762,,,,,No Payment Proof URL
skipped,920,5714,,,,,No Payment Proof URL
skipped,922,5572,,,,,No Payment Proof URL
skipped,927,5673,,,,,No Payment Proof URL
skipped,930,5733,,,,,No Payment Proof URL
skipped,931,5604,,,,,No Payment Proof URL
skipped,932,5632,,,,,No Payment Proof URL
skipped,933,5625,,,,,No Payment Proof URL
skipped,934,5624,,,,,No Payment Proof URL
skipped,937,5431,,,,,No Payment Proof URL
skipped,951,5561,,,,,No Payment Proof URL
skipped,957,5478,,,,,No Payment Proof URL
skipped,959,5410,,,,,No Payment Proof URL
skipped,960,5458,,,,,No Payment Proof URL
skipped,961,5431,,,,,No Payment Proof URL
skipped,962,5457,,,,,No Payment Proof URL
skipped,963,4645,,,,,No Payment Proof URL
skipped,964,5506,,,,,No Payment Proof URL
skipped,965,5430,,,,,No Payment Proof URL
skipped,966,5148,,,,,No Payment Proof URL
skipped,967,5369,,,,,No Payment Proof URL
skipped,968,5411,,,,,No Payment Proof URL
skipped,969,5499,,,,,No Payment Proof URL
skipped,970,5409,,,,,No Payment Proof URL
skipped,971,5349,,,,,No Payment Proof URL
skipped,972,5244,,,,,No Payment Proof URL
skipped,974,5146,,,,,No Payment Proof URL
skipped,980,5678,,,,,No Payment Proof URL
skipped,995,5572,,,,,No Payment Proof URL
skipped,1007,5482,,,,,No Payment Proof URL
skipped,1008,5435,,,,,No Payment Proof URL
skipped,1009,4985,,,,,No Payment Proof URL
skipped,1010,5453,,,,,No Payment Proof URL
skipped,1011,5131,,,,,No Payment Proof URL
skipped,1012,5308,,,,,No Payment Proof URL
skipped,1013,5485,,,,,No Payment Proof URL
skipped,1015,5126,,,,,No Payment Proof URL
skipped,1023,4196,,,,,No Payment Proof URL
skipped,1024,4377,,,,,No Payment Proof URL
skipped,1025,4280,,,,,No Payment Proof URL
skipped,1026,4281,,,,,No Payment Proof URL
skipped,1027,4204,,,,,No Payment Proof URL
skipped,1028,4200,,,,,No Payment Proof URL
skipped,1029,4271,,,,,No Payment Proof URL
skipped,1030,4205,,,,,No Payment Proof URL
skipped,1031,4269,,,,,No Payment Proof URL
skipped,1032,4269,,,,,No Payment Proof URL
skipped,1033,5607,,,,,No Payment Proof URL
skipped,1036,5475,,,,,No Payment Proof URL
skipped,1037,5477,,,,,No Payment Proof URL
skipped,1038,5486,,,,,No Payment Proof URL
skipped,1039,5166,,,,,No Payment Proof URL
skipped,1040,5478,,,,,No Payment Proof URL
skipped,1041,5152,,,,,No Payment Proof URL
skipped,1044,5301,,,,,No Payment Proof URL
skipped,1045,5487,,,,,No Payment Proof URL
skipped,1052,5370,,,,,No Payment Proof URL
skipped,1056,5538,,,,,No Payment Proof URL
skipped,1057,5555,,,,,No Payment Proof URL
skipped,1058,5550,,,,,No Payment Proof URL
skipped,1059,5549,,,,,No Payment Proof URL
skipped,1060,5185,,,,,No Payment Proof URL
skipped,1062,5301,,,,,No Payment Proof URL
skipped,1063,5518,,,,,No Payment Proof URL
skipped,1064,5601,,,,,No Payment Proof URL
skipped,1065,5539,,,,,No Payment Proof URL
skipped,1068,5521,,,,,No Payment Proof URL
skipped,1070,5623,,,,,No Payment Proof URL
skipped,1071,5622,,,,,No Payment Proof URL
skipped,1075,5536,,,,,No Payment Proof URL
skipped,1077,5152,,,,,No Payment Proof URL
skipped,1079,5063,,,,,No Payment Proof URL
skipped,1081,4981,,,,,No Payment Proof URL
skipped,1086,5482,,,,,No Payment Proof URL
skipped,1091,5553,,,,,No Payment Proof URL
skipped,1092,5552,,,,,No Payment Proof URL
skipped,1094,5523,,,,,No Payment Proof URL
skipped,1096,5522,,,,,No Payment Proof URL
skipped,1097,5188,,,,,No Payment Proof URL
skipped,1098,5166,,,,,No Payment Proof URL
skipped,1101,5413,,,,,No Payment Proof URL
skipped,1102,5166,,,,,No Payment Proof URL
skipped,1103,5175,,,,,No Payment Proof URL
skipped,1106,4609,,,,,No Payment Proof URL
skipped,1115,5487,,,,,No Payment Proof URL
skipped,1116,6653,,,,,No Payment Proof URL
skipped,1117,6652,,,,,No Payment Proof URL
skipped,1123,5327,,,,,No Payment Proof URL
skipped,1124,5116,,,,,No Payment Proof URL
skipped,1125,5160,,,,,No Payment Proof URL
skipped,1126,5481,,,,,No Payment Proof URL
skipped,1127,5486,,,,,No Payment Proof URL
skipped,1128,5487,,,,,No Payment Proof URL
skipped,1129,5495,,,,,No Payment Proof URL
skipped,1130,5496,,,,,No Payment Proof URL
skipped,1131,5497,,,,,No Payment Proof URL
skipped,1132,5477,,,,,No Payment Proof URL
skipped,1133,5477,,,,,No Payment Proof URL
skipped,1134,5476,,,,,No Payment Proof URL
skipped,1138,5430,,,,,No Payment Proof URL
skipped,1139,5455,,,,,No Payment Proof URL
skipped,1141,5206,,,,,No Payment Proof URL
skipped,1143,5125,,,,,No Payment Proof URL
skipped,1147,5502,,,,,No Payment Proof URL
skipped,1149,5349,,,,,No Payment Proof URL
skipped,1150,5183,,,,,No Payment Proof URL
skipped,1151,5471,,,,,No Payment Proof URL
skipped,1152,5472,,,,,No Payment Proof URL
skipped,1154,5475,,,,,No Payment Proof URL
skipped,1156,5463,,,,,No Payment Proof URL
skipped,1157,5465,,,,,No Payment Proof URL
skipped,1158,5150,,,,,No Payment Proof URL
skipped,1159,5158,,,,,No Payment Proof URL
skipped,1160,5114,,,,,No Payment Proof URL
skipped,1162,5414,,,,,Order not found for PUI: 5414
skipped,1163,5414,,,,,Order not found for PUI: 5414
skipped,1168,5479,,,,,No Payment Proof URL
skipped,1169,5482,,,,,No Payment Proof URL
skipped,1170,5244,,,,,No Payment Proof URL
skipped,1171,5370,,,,,No Payment Proof URL
skipped,1177,5113,,,,,No Payment Proof URL
skipped,1178,5136,,,,,No Payment Proof URL
skipped,1179,5435,,,,,No Payment Proof URL
skipped,1181,5166,,,,,No Payment Proof URL
skipped,1182,5236,,,,,No Payment Proof URL
skipped,1184,4645,,,,,No Payment Proof URL
skipped,1189,5007,,,,,No Payment Proof URL
skipped,1190,4954,,,,,No Payment Proof URL
skipped,1195,4923,,,,,No Payment Proof URL
skipped,1197,5152,,,,,No Payment Proof URL
skipped,1207,4972,,,,,No Payment Proof URL
skipped,1212,5327,,,,,No Payment Proof URL
skipped,1221,5152,,,,,No Payment Proof URL
skipped,1222,5080,,,,,No Payment Proof URL
skipped,1225,5007,,,,,No Payment Proof URL
skipped,1234,4954,,,,,No Payment Proof URL
skipped,1235,4902,,,,,No Payment Proof URL
skipped,1240,5116,,,,,No Payment Proof URL
skipped,1242,5049,,,,,No Payment Proof URL
skipped,1244,4395,,,,,No Payment Proof URL
skipped,1250,5136,,,,,No Payment Proof URL
skipped,1260,5080,,,,,No Payment Proof URL
skipped,1265,5080,,,,,No Payment Proof URL
skipped,1267,4853,,,,,No Payment Proof URL
skipped,1268,4413,,,,,No Payment Proof URL
skipped,1269,4798,,,,,No Payment Proof URL
skipped,1271,4932,,,,,No Payment Proof URL
skipped,1272,4343,,,,,No Payment Proof URL
skipped,1275,4420,,,,,No Payment Proof URL
skipped,1276,4408,,,,,No Payment Proof URL
skipped,1277,4488,,,,,No Payment Proof URL
skipped,1278,4205,,,,,No Payment Proof URL
skipped,1279,4601,,,,,No Payment Proof URL
skipped,1280,4344,,,,,No Payment Proof URL
skipped,1282,4333,,,,,No Payment Proof URL
skipped,1284,5075,,,,,No Payment Proof URL
skipped,1285,5049,,,,,No Payment Proof URL
skipped,1286,4661,,,,,No Payment Proof URL
skipped,1289,5049,,,,,No Payment Proof URL
skipped,1290,4682,,,,,No Payment Proof URL
skipped,1301,4404,,,,,No Payment Proof URL
skipped,1302,4509,,,,,No Payment Proof URL
skipped,1305,4509,,,,,No Payment Proof URL
skipped,1308,5079,,,,,No Payment Proof URL
skipped,1310,5088,,,,,No Payment Proof URL
skipped,1311,4556,,,,,No Payment Proof URL
skipped,1326,4303,,,,,No Payment Proof URL
skipped,1327,4344,,,,,No Payment Proof URL
skipped,1340,5007,,,,,No Payment Proof URL
skipped,1341,4590,,,,,No Payment Proof URL
skipped,1342,4591,,,,,No Payment Proof URL
skipped,1346,4258,,,,,No Payment Proof URL
skipped,1347,4411,,,,,No Payment Proof URL
skipped,1348,4599,,,,,No Payment Proof URL
skipped,1349,4259,,,,,No Payment Proof URL
skipped,1351,4333,,,,,No Payment Proof URL
skipped,1352,4353,,,,,No Payment Proof URL
skipped,1353,4438,,,,,No Payment Proof URL
skipped,1354,4400,,,,,No Payment Proof URL
skipped,1355,4349,,,,,No Payment Proof URL
skipped,1357,4682,,,,,No Payment Proof URL
skipped,1359,4517,,,,,No Payment Proof URL
skipped,1375,4845,,,,,No Payment Proof URL
skipped,1381,4154,,,,,No Payment Proof URL
skipped,1385,4556,,,,,No Payment Proof URL
skipped,1386,4299,,,,,No Payment Proof URL
skipped,1390,4058,,,,,No Payment Proof URL
skipped,1397,4350,,,,,No Payment Proof URL
skipped,1404,4336,,,,,No Payment Proof URL
skipped,1405,4438,,,,,No Payment Proof URL
skipped,1406,4145,,,,,No Payment Proof URL
skipped,1407,4590,,,,,No Payment Proof URL
skipped,1408,4591,,,,,No Payment Proof URL
skipped,1410,4661,,,,,No Payment Proof URL
skipped,1414,4597,,,,,No Payment Proof URL
skipped,1418,4514,,,,,No Payment Proof URL
skipped,1423,4438,,,,,No Payment Proof URL
skipped,1429,4348,,,,,No Payment Proof URL
skipped,1435,4411,,,,,No Payment Proof URL
skipped,1437,4599,,,,,No Payment Proof URL
skipped,1439,4026,,,,,No Payment Proof URL
skipped,1446,4228,,,,,No Payment Proof URL
skipped,1447,4317,,,,,No Payment Proof URL
skipped,1448,4318,,,,,No Payment Proof URL
skipped,1449,4328,,,,,No Payment Proof URL
skipped,1450,4,,,,,No Payment Proof URL
skipped,1451,4241,,,,,No Payment Proof URL
skipped,1452,4340,,,,,No Payment Proof URL
skipped,1457,4046,,,,,No Payment Proof URL
skipped,1458,4334,,,,,No Payment Proof URL
skipped,1459,4341,,,,,No Payment Proof URL
skipped,1460,4145,,,,,No Payment Proof URL
skipped,1461,4206,,,,,No Payment Proof URL
skipped,1463,4333,,,,,No Payment Proof URL
skipped,1464,4303,,,,,No Payment Proof URL
skipped,1466,4154,,,,,No Payment Proof URL
skipped,1473,4255,,,,,No Payment Proof URL
skipped,1474,4240,,,,,No Payment Proof URL
skipped,1475,4145,,,,,No Payment Proof URL
skipped,1476,4240,,,,,No Payment Proof URL
skipped,1480,4027,,,,,No Payment Proof URL
skipped,1482,4327,,,,,No Payment Proof URL
skipped,1484,4241,,,,,No Payment Proof URL
skipped,1485,4337,,,,,No Payment Proof URL
skipped,1486,4342,,,,,No Payment Proof URL
skipped,1487,4319,,,,,No Payment Proof URL
skipped,1491,4246,,,,,No Payment Proof URL
skipped,1495,4349,,,,,No Payment Proof URL
skipped,1497,4027,,,,,No Payment Proof URL
skipped,1498,4320,,,,,No Payment Proof URL
skipped,1499,4145,,,,,No Payment Proof URL
skipped,1500,4329,,,,,No Payment Proof URL
skipped,1501,4272,,,,,No Payment Proof URL
skipped,1502,4240,,,,,No Payment Proof URL
skipped,1504,4188,,,,,No Payment Proof URL
skipped,1505,4223,,,,,No Payment Proof URL
skipped,1506,4351,,,,,No Payment Proof URL
skipped,1511,4309,,,,,No Payment Proof URL
skipped,1512,4313,,,,,No Payment Proof URL
skipped,1513,4353,,,,,No Payment Proof URL
skipped,1514,4288,,,,,No Payment Proof URL
skipped,1516,4302,,,,,No Payment Proof URL
skipped,1519,4314,,,,,No Payment Proof URL
skipped,1520,4316,,,,,No Payment Proof URL
skipped,1521,4324,,,,,No Payment Proof URL
skipped,1522,4326,,,,,No Payment Proof URL
skipped,1523,4353,,,,,No Payment Proof URL
skipped,1524,4195,,,,,No Payment Proof URL
skipped,1525,4216,,,,,No Payment Proof URL
skipped,1530,4159,,,,,No Payment Proof URL
skipped,1533,4348,,,,,No Payment Proof URL
skipped,1535,4340,,,,,No Payment Proof URL
skipped,1538,4341,,,,,No Payment Proof URL
skipped,1539,4341,,,,,No Payment Proof URL
skipped,1541,4,,,,,No Payment Proof URL
skipped,1542,4,,,,,No Payment Proof URL
skipped,1544,4328,,,,,No Payment Proof URL
skipped,1545,4337,,,,,No Payment Proof URL
skipped,1546,4286,,,,,No Payment Proof URL
skipped,1547,4334,,,,,No Payment Proof URL
skipped,1548,4334,,,,,No Payment Proof URL
skipped,1549,4194,,,,,No Payment Proof URL
skipped,1551,4314,,,,,No Payment Proof URL
skipped,1552,4314,,,,,No Payment Proof URL
skipped,1556,4301,,,,,No Payment Proof URL
skipped,1562,4327,,,,,No Payment Proof URL
skipped,1563,4329,,,,,No Payment Proof URL
skipped,1573,4324,,,,,No Payment Proof URL
skipped,1575,4326,,,,,No Payment Proof URL
skipped,1576,4301,,,,,No Payment Proof URL
skipped,1580,4318,,,,,No Payment Proof URL
skipped,1581,4318,,,,,No Payment Proof URL
skipped,1586,4199,,,,,No Payment Proof URL
skipped,1587,4189,,,,,No Payment Proof URL
skipped,1589,4275,,,,,No Payment Proof URL
skipped,1591,4290,,,,,No Payment Proof URL
skipped,1596,4172,,,,,No Payment Proof URL
skipped,1603,4176,,,,,No Payment Proof URL
skipped,1604,4177,,,,,No Payment Proof URL
skipped,1610,4028,,,,,No Payment Proof URL
skipped,1613,4189,,,,,No Payment Proof URL
skipped,1615,4173,,,,,No Payment Proof URL
skipped,1616,4174,,,,,No Payment Proof URL
skipped,1617,4189,,,,,No Payment Proof URL
skipped,1621,4199,,,,,No Payment Proof URL
skipped,1623,4171,,,,,No Payment Proof URL
skipped,1624,4028,,,,,No Payment Proof URL
skipped,1625,4028,,,,,No Payment Proof URL
skipped,1626,4028,,,,,No Payment Proof URL
skipped,1627,4027,,,,,No Payment Proof URL
skipped,1628,4163,,,,,No Payment Proof URL
skipped,1630,4177,,,,,No Payment Proof URL
skipped,1632,4075,,,,,No Payment Proof URL
skipped,1633,4164,,,,,No Payment Proof URL
skipped,1637,4176,,,,,No Payment Proof URL
skipped,1638,4190,,,,,No Payment Proof URL
skipped,1645,4028,,,,,No Payment Proof URL
skipped,1647,4279,,,,,No Payment Proof URL
skipped,1652,4176,,,,,No Payment Proof URL
skipped,1657,4120,,,,,No Payment Proof URL
skipped,1658,4122,,,,,No Payment Proof URL
skipped,1660,4225,,,,,No Payment Proof URL
skipped,1669,4216,,,,,No Payment Proof URL
skipped,1675,4176,,,,,No Payment Proof URL
skipped,1676,4177,,,,,No Payment Proof URL
skipped,1678,4030,,,,,No Payment Proof URL
skipped,1679,4176,,,,,No Payment Proof URL
skipped,1680,4176,,,,,No Payment Proof URL
skipped,1681,4176,,,,,No Payment Proof URL
skipped,1689,4174,,,,,No Payment Proof URL
skipped,1690,4174,,,,,No Payment Proof URL
skipped,1693,4034,,,,,No Payment Proof URL
skipped,1705,4031,,,,,No Payment Proof URL
skipped,1722,4173,,,,,No Payment Proof URL
skipped,1725,4156,,,,,No Payment Proof URL
skipped,1726,4156,,,,,No Payment Proof URL
skipped,1729,4190,,,,,No Payment Proof URL
skipped,1731,4171,,,,,No Payment Proof URL
skipped,1732,4174,,,,,No Payment Proof URL
skipped,1738,4166,,,,,No Payment Proof URL
skipped,1739,4195,,,,,No Payment Proof URL
skipped,1740,4197,,,,,No Payment Proof URL
skipped,1741,4172,,,,,No Payment Proof URL
skipped,1742,4192,,,,,No Payment Proof URL
skipped,1749,4190,,,,,No Payment Proof URL
skipped,1755,4034,,,,,No Payment Proof URL
skipped,1756,4175,,,,,No Payment Proof URL
skipped,1757,4175,,,,,No Payment Proof URL
skipped,1758,4190,,,,,No Payment Proof URL
skipped,1761,4172,,,,,No Payment Proof URL
skipped,1766,4059,,,,,No Payment Proof URL
skipped,1768,4039,,,,,No Payment Proof URL
skipped,1769,4165,,,,,No Payment Proof URL
skipped,1774,4166,,,,,No Payment Proof URL
skipped,1777,4172,,,,,No Payment Proof URL
skipped,1781,4036,,,,,No Payment Proof URL
skipped,1782,4042,,,,,No Payment Proof URL